Keys,Español
Module1/Choose_Instruction,"Selecciona un objeto para examinarlo. Puedes cambiar tus elecciones antes de enviarlas."
Module1/Conditional,"Depende de la condición"
Module1/Confirm,"Enviar elecciones"
Module1/Confirm_Question,"¿Quieres añadir este elemento a tu preparación?"
Module1/Continue,"Continuar"
Module1/Decision_Correct,"Tu decisión coincide con la revisión."
Module1/Decision_Question,"Después de tu revisión, ¿qué decides?"
Module1/Decision_Review,"Revisa tu decisión antes de circular."
Module1/DoNotRide,"No circular"
Module1/Final_Complete,"Módulo completado. Revisa el resumen de tu preparación e inspección."
Module1/Inappropriate,"No adecuado"
Module1/Inspect_Instruction,"Selecciona cada marcador para revisar el componente antes de salir."
Module1/Inspect_Question,"¿Has revisado este punto del vehículo?"
Module1/Item_CargoHandheld,"Objeto en la mano"
Module1/Item_CargoSecured,"Carga asegurada"
Module1/Item_ClothingLoose,"Ropa o cordones sueltos"
Module1/Item_Glasses,"Gafas"
Module1/Item_HelmetDamaged,"Casco deteriorado"
Module1/Item_HelmetOk,"Casco íntegro y ajustado"
Module1/Item_Reflective,"Chaleco reflectivo"
Module1/Item_ShoesOk,"Calzado cerrado"
Module1/KeepChoosing,"Seguir eligiendo"
Module1/M01_Video,"Para iniciar, te vamos a mostrar el siguiente video"
Module1/M01_Welcome,"Bienvenido al Modulo1, En este modulo vas a aprender todo sobre los precursores y epps que debes tener en cuenta antes de dar marcha con tu vehiculo. Comencemos!"
Module1/NeedsService,"Necesita servicio"
Module1/Next,"Continuar recorrido"
Module1/No,"No"
Module1/Omitted,"Núcleo omitido"
Module1/Orientation_Body,"Recorre las estaciones y elige qué llevar. Después revisa la e-bike. Verás la retroalimentación al enviar cada sección."
Module1/Orientation_Title,"Prepárate antes de rodar"
Module1/Pause,"Pausar / seguir"
Module1/Point_Brakes,"Frenos"
Module1/Point_Electrics,"Estado eléctrico y controles"
Module1/Point_Lights,"Luces y reflectivos"
Module1/Point_Steering,"Dirección y manubrio"
Module1/Point_Wheels,"Ruedas y estructura"
Module1/Previous,"Estación anterior"
Module1/RepeatAudio,"Repetir instrucciones"
Module1/Replay,"Repetir"
Module1/Report_Reference,"Referencia para este recorrido"
Module1/Report_Subtitle,"Los elementos opcionales no penalizan. Revisa las omisiones y los riesgos."
Module1/Report_Title,"Resumen de la revisión"
Module1/Report_Yours,"Tu elección"
Module1/Review_Lock,"Al confirmar se evaluará esta sección."
Module1/Review_Subtitle,"Puedes volver y cambiarlas antes de enviar."
Module1/Review_Title,"Revisa tus elecciones"
Module1/RoadReady,"Listo para circular"
Module1/Selected,"Seleccionado"
Module1/Sidebar_Empty,"Todavía no has añadido elementos."
Module1/Sidebar_Note,"Añadido no significa correcto. Pulsa una fila para quitarla."
Module1/Sidebar_Title,"Mi preparación"
Module1/Start,"Comenzar"
Module1/VideoPlaceholder,"Video provisional. El contenido educativo final está pendiente."
Module1/WatchVideo,"Ver explicación"
Module1/Yes,"Sí"
Module1/Zone_Clothing,"Ropa y calzado"
Module1/Zone_Cockpit,"Dirección, frenos y controles"
Module1/Zone_Head,"Cabeza y protección"
Module1/Zone_Load,"Carga y manos libres"
Module1/Zone_Visibility,"Luces y visibilidad"
Module1/Zone_Wheels,"Ruedas y estructura"
